filename,serial
IMG-20250813-WA0024.jpg,
IMG-20250813-WA0025.jpg,
IMG-20250813-WA0026.jpg,
IMG-20250813-WA0027.jpg,
IMG-20250813-WA0028.jpg,
IMG-20250813-WA0029.jpg,
IMG-20250813-WA0030.jpg,
IMG-20250813-WA0031.jpg,
IMG-20250813-WA0032.jpg,
IMG-20250813-WA0033.jpg,
IMG-20250813-WA0034.jpg,C02Y942FIG5H
IMG-20250813-WA0035.jpg,
IMG-20250813-WA0036.jpg,
IMG-20250813-WA0037.jpg,
IMG-20250813-WA0038.jpg,
IMG-20250813-WA0039.jpg,C02Y95A8JG5H
IMG-20250813-WA0040.jpg,
IMG-20250813-WA0041.jpg,
IMG-20250813-WA0042.jpg,
IMG-20250813-WA0043.jpg,
IMG-20250813-WA0044.jpg,
IMG-20250813-WA0045.jpg,
IMG-20250813-WA0046.jpg,
IMG-20250813-WA0047.jpg,
IMG-20250813-WA0048.jpg
